order_id,user_id,order_time,amount
1,26889,2025-02-06 03:00:00,64.05
2,22179,2025-01-29 15:00:00,20.66
3,11419,2025-02-05 03:00:00,59.0
4,11413,2025-03-02 21:00:00,10.99
5,16904,2025-02-24 15:00:00,49.17
6,16904,2025-01-12 06:00:00,66.24
7,16832,2025-01-12 13:00:00,15.64
8,22388,2025-02-22 20:00:00,51.41
9,22388,2025-01-25 11:00:00,28.02
10,22388,2025-02-12 07:00:00,173.5
11,16492,2025-02-24 15:00:00,21.25
12,16492,2025-01-13 18:00:00,8.13
13,22916,2025-02-10 21:00:00,25.73
14,22570,2025-01-25 22:00:00,57.44
15,22570,2025-01-17 20:00:00,28.73
16,21051,2025-01-25 07:00:00,49.27
17,27785,2025-03-01 15:00:00,75.47
18,20900,2025-01-31 10:00:00,44.65
19,27673,2025-01-12 13:00:00,22.03
20,27247,2025-03-02 02:00:00,0.84
21,21726,2025-02-12 23:00:00,75.88
22,27164,2025-02-11 20:00:00,37.43
23,16921,2025-03-01 13:00:00,73.63
24,27317,2025-03-01 05:00:00,14.12
25,24015,2025-02-20 23:00:00,25.01
26,11047,2025-01-10 19:00:00,6.03
27,15096,2025-02-26 15:00:00,67.52
28,23325,2025-01-31 05:00:00,72.59
29,15141,2025-01-19 02:00:00,19.85
30,11244,2025-01-16 17:00:00,17.19
31,11244,2025-01-19 10:00:00,37.03
32,16391,2025-01-17 21:00:00,95.72
33,22967,2025-01-21 09:00:00,13.7
34,26119,2025-02-13 12:00:00,12.12
35,25458,2025-02-02 04:00:00,30.08
36,19598,2025-02-08 09:00:00,34.25
37,19598,2025-01-11 03:00:00,2.46
38,28714,2025-03-02 13:00:00,239.63
39,18270,2025-01-16 01:00:00,76.46
40,13274,2025-02-10 15:00:00,41.6
41,18436,2025-03-01 03:00:00,53.97
42,29388,2025-02-23 00:00:00,17.55
43,12196,2025-02-24 05:00:00,109.63
44,13400,2025-02-19 23:00:00,95.86
45,14176,2025-01-11 12:00:00,157.74
46,28083,2025-02-02 01:00:00,63.02
47,28083,2025-02-26 03:00:00,3.57
48,14110,2025-02-24 10:00:00,152.48
49,21136,2025-02-10 03:00:00,20.86
50,20576,2025-01-22 07:00:00,85.79
51,17308,2025-01-30 02:00:00,141.99
52,12131,2025-03-02 13:00:00,16.07
53,18555,2025-01-15 16:00:00,31.85
54,11121,2025-01-05 16:00:00,70.36
55,18154,2025-01-25 20:00:00,149.37
56,18154,2025-01-16 18:00:00,19.61
57,17896,2025-01-16 18:00:00,34.35
58,20533,2025-02-20 18:00:00,14.22
59,23436,2025-01-12 11:00:00,15.21
60,23436,2025-01-06 12:00:00,5.25
61,17967,2025-02-07 18:00:00,293.01
62,23298,2025-01-08 14:00:00,11.74
63,23298,2025-01-19 07:00:00,15.0
64,22953,2025-02-18 08:00:00,11.7
65,28600,2025-01-09 18:00:00,30.21
66,14043,2025-02-18 16:00:00,25.06
67,28774,2025-02-19 08:00:00,249.89
68,14978,2025-01-05 15:00:00,24.93
69,26350,2025-02-23 13:00:00,4.81
70,26350,2025-01-05 05:00:00,11.8
71,26350,2025-01-07 03:00:00,50.1
72,26350,2025-01-06 11:00:00,41.58
73,10819,2025-01-22 12:00:00,24.71
74,29680,2025-02-24 04:00:00,206.04
75,10488,2025-01-09 12:00:00,27.54
76,10488,2025-02-07 23:00:00,55.75
77,10488,2025-01-18 02:00:00,5.96
78,12658,2025-01-31 04:00:00,4.96
79,27433,2025-02-13 13:00:00,3.34
80,25522,2025-01-25 20:00:00,7.99
81,13164,2025-01-21 11:00:00,176.57
82,10296,2025-01-09 09:00:00,28.84
83,14187,2025-01-14 15:00:00,493.68
84,17373,2025-02-04 13:00:00,46.06
85,20469,2025-03-03 21:00:00,124.92
86,20564,2025-02-06 08:00:00,26.43
87,18022,2025-01-13 22:00:00,15.56
88,18022,2025-02-17 02:00:00,51.11
89,18022,2025-01-06 19:00:00,17.04
90,18296,2025-01-29 06:00:00,141.86
91,18296,2025-01-27 03:00:00,19.58
92,18586,2025-02-24 12:00:00,49.28
93,28672,2025-02-25 20:00:00,17.59
94,12257,2025-02-07 06:00:00,17.3
95,19428,2025-01-11 04:00:00,20.53
96,21146,2025-02-10 00:00:00,195.71
97,21146,2025-02-03 12:00:00,111.76
98,22427,2025-01-16 12:00:00,15.31
99,12787,2025-02-13 20:00:00,355.89
100,23824,2025-01-14 00:00:00,30.28
101,25843,2025-02-27 21:00:00,44.27
102,25467,2025-01-31 11:00:00,16.58
103,25855,2025-03-03 02:00:00,13.39
104,23866,2025-02-09 21:00:00,104.3
105,11529,2025-01-24 18:00:00,45.48
106,15926,2025-02-14 08:00:00,19.25
107,17148,2025-01-08 23:00:00,25.9
108,17151,2025-02-24 07:00:00,333.06
109,21399,2025-02-02 00:00:00,36.29
110,21399,2025-03-04 18:00:00,49.65
111,21399,2025-01-18 12:00:00,10.58
112,24943,2025-01-28 12:00:00,11.95
113,26885,2025-01-19 22:00:00,19.96
114,22328,2025-02-22 23:00:00,8.22
115,27104,2025-01-26 00:00:00,139.52
116,27096,2025-01-13 08:00:00,93.98
117,15969,2025-02-24 00:00:00,61.03
118,15961,2025-01-29 06:00:00,37.04
119,14610,2025-01-26 11:00:00,30.99
120,17438,2025-01-21 03:00:00,47.08
121,13462,2025-01-21 03:00:00,12.47
122,15340,2025-01-31 20:00:00,35.74
123,13813,2025-02-11 07:00:00,18.28
124,10990,2025-02-21 07:00:00,101.95
125,10990,2025-02-20 18:00:00,119.69
126,10990,2025-01-28 09:00:00,206.69
127,22913,2025-02-10 17:00:00,16.96
128,22076,2025-02-22 03:00:00,48.54
129,22298,2025-02-07 22:00:00,8.31
130,23209,2025-02-19 05:00:00,43.54
131,23314,2025-02-03 10:00:00,100.73
132,23389,2025-02-07 20:00:00,98.1
133,28667,2025-01-21 12:00:00,59.07
134,28667,2025-01-12 05:00:00,139.12
135,28667,2025-01-29 11:00:00,107.5
136,28667,2025-01-22 22:00:00,5.43
137,10292,2025-03-02 09:00:00,26.04
138,26938,2025-01-17 13:00:00,19.33
139,10662,2025-01-11 21:00:00,42.03
140,21889,2025-02-07 20:00:00,97.8
141,26980,2025-02-07 15:00:00,42.57
142,27636,2025-02-05 00:00:00,5.99
143,27733,2025-01-09 08:00:00,34.88
144,27733,2025-02-01 11:00:00,12.94
145,27536,2025-02-09 16:00:00,14.69
146,21876,2025-02-13 10:00:00,46.28
147,19067,2025-02-24 04:00:00,11.7
148,19067,2025-01-08 22:00:00,57.99
149,20630,2025-02-24 19:00:00,22.85
150,11605,2025-01-27 10:00:00,179.24
151,11717,2025-02-28 05:00:00,4.06
152,11584,2025-01-06 07:00:00,2.73
153,18609,2025-01-31 10:00:00,13.02
154,27409,2025-03-05 22:00:00,60.52
155,14291,2025-03-04 15:00:00,80.53
156,14291,2025-01-26 19:00:00,63.16
157,13241,2025-01-17 01:00:00,90.46
158,14373,2025-02-13 15:00:00,17.31
159,19543,2025-01-18 05:00:00,131.59
160,14814,2025-03-01 05:00:00,258.39
161,14827,2025-02-13 00:00:00,18.25
162,27032,2025-02-20 19:00:00,21.56
163,26958,2025-01-14 16:00:00,69.43
164,14208,2025-02-09 11:00:00,12.51
165,18266,2025-01-30 06:00:00,68.51
166,28632,2025-02-20 21:00:00,88.16
167,29053,2025-03-01 23:00:00,18.17
168,29053,2025-01-27 03:00:00,90.56
169,18282,2025-03-02 20:00:00,103.44
170,18282,2025-03-01 06:00:00,245.36
171,27910,2025-02-08 01:00:00,53.93
172,27910,2025-02-06 04:00:00,45.14
173,23533,2025-01-08 04:00:00,41.4
174,16224,2025-02-15 12:00:00,30.0
175,16224,2025-03-03 00:00:00,19.72
176,16208,2025-02-16 07:00:00,98.83
177,21295,2025-01-19 03:00:00,339.09
178,23270,2025-01-19 21:00:00,7.66
179,23270,2025-03-06 22:00:00,1.49
180,23270,2025-01-18 23:00:00,46.08
181,24052,2025-02-05 09:00:00,18.0
182,24102,2025-01-18 20:00:00,55.54
183,24102,2025-02-13 05:00:00,3.72
184,23836,2025-02-27 00:00:00,110.19
185,21025,2025-01-23 04:00:00,35.79
186,16956,2025-01-05 20:00:00,10.51
187,16553,2025-01-17 23:00:00,46.18
188,22596,2025-02-12 07:00:00,18.78
189,25917,2025-01-06 12:00:00,64.33
190,25734,2025-02-28 14:00:00,12.4
191,25734,2025-01-09 23:00:00,28.56
192,25487,2025-02-18 00:00:00,19.96
193,25448,2025-01-28 18:00:00,144.83
194,26041,2025-02-04 02:00:00,5.89
195,15054,2025-02-23 12:00:00,37.02
196,20554,2025-02-08 13:00:00,8.95
197,24296,2025-02-23 16:00:00,61.91
198,25262,2025-02-25 20:00:00,8.73
199,10685,2025-01-22 08:00:00,18.45
200,13052,2025-02-18 03:00:00,12.32
201,12887,2025-02-26 13:00:00,16.25
202,10336,2025-02-28 11:00:00,193.9
203,10433,2025-02-21 18:00:00,93.21
204,11940,2025-02-01 03:00:00,29.09
205,11128,2025-01-15 14:00:00,11.26
206,17105,2025-01-22 12:00:00,9.27
207,19265,2025-01-17 01:00:00,8.21
208,19265,2025-02-22 05:00:00,158.08
209,19265,2025-03-05 00:00:00,66.44
210,13741,2025-01-20 13:00:00,26.79
211,13741,2025-02-11 01:00:00,52.48
212,14695,2025-01-06 14:00:00,97.86
213,28511,2025-01-09 20:00:00,35.44
214,28511,2025-02-05 19:00:00,26.81
215,11371,2025-01-06 10:00:00,31.6
216,21465,2025-02-05 15:00:00,63.92
217,19918,2025-01-12 00:00:00,465.41
218,21345,2025-03-02 17:00:00,16.91
219,10186,2025-03-01 23:00:00,54.0
220,16873,2025-01-06 00:00:00,32.41
221,16873,2025-02-18 21:00:00,6.31
222,16873,2025-02-05 12:00:00,6.6
223,20118,2025-02-10 23:00:00,55.5
224,17153,2025-02-17 06:00:00,28.26
225,18622,2025-01-23 12:00:00,14.6
226,18622,2025-01-26 07:00:00,55.84
227,23773,2025-02-14 09:00:00,13.33
228,26702,2025-01-15 01:00:00,6.81
229,23784,2025-01-19 18:00:00,19.02
230,18448,2025-02-23 17:00:00,20.69
231,27657,2025-02-02 21:00:00,14.33
232,23089,2025-02-19 14:00:00,8.24
233,14203,2025-02-06 12:00:00,19.31
234,25501,2025-01-11 18:00:00,154.43
235,18805,2025-02-08 00:00:00,66.39
236,27321,2025-02-13 23:00:00,80.47
237,19413,2025-02-01 11:00:00,35.42
238,19413,2025-01-15 20:00:00,15.66
239,19413,2025-02-04 07:00:00,75.31
240,19413,2025-01-13 11:00:00,295.41
241,27232,2025-01-08 01:00:00,8.81
242,24677,2025-02-22 17:00:00,28.59
243,20885,2025-01-08 15:00:00,35.36
244,22255,2025-02-16 17:00:00,67.37
245,11874,2025-02-04 11:00:00,34.76
246,11874,2025-01-31 14:00:00,7.69
247,23289,2025-03-01 06:00:00,13.48
248,29403,2025-01-18 05:00:00,108.95
249,29483,2025-01-14 09:00:00,35.84
250,10750,2025-01-31 00:00:00,28.7
251,22749,2025-01-06 00:00:00,3.98
252,22749,2025-01-06 10:00:00,38.95
253,13408,2025-01-31 22:00:00,82.55
254,15043,2025-03-06 14:00:00,13.98
255,15043,2025-02-08 16:00:00,7.23
256,22025,2025-02-28 03:00:00,97.94
257,17520,2025-01-09 03:00:00,27.48
258,17520,2025-02-11 22:00:00,35.1
259,26242,2025-01-12 09:00:00,37.69
260,26242,2025-01-31 12:00:00,17.07
261,25805,2025-01-30 12:00:00,5.61
262,25714,2025-02-19 08:00:00,58.05
263,15199,2025-02-19 08:00:00,3.26
264,10070,2025-01-31 22:00:00,39.95
265,23626,2025-01-15 13:00:00,17.94
266,25059,2025-02-09 06:00:00,104.6
267,29180,2025-02-04 21:00:00,33.06
268,26429,2025-02-21 03:00:00,141.91
269,22698,2025-01-12 21:00:00,32.47
270,24529,2025-02-02 17:00:00,76.05
271,22882,2025-01-09 03:00:00,216.73
272,22923,2025-03-02 14:00:00,88.15
273,24933,2025-01-11 04:00:00,4.93
274,26405,2025-02-13 22:00:00,15.64
275,26405,2025-01-30 14:00:00,38.39
276,20520,2025-01-14 21:00:00,4.73
277,20520,2025-02-24 02:00:00,29.54
278,20520,2025-01-17 18:00:00,19.69
279,24390,2025-03-08 01:00:00,322.03
280,27857,2025-01-07 21:00:00,239.11
281,18380,2025-01-26 11:00:00,11.15
282,16877,2025-01-20 09:00:00,21.63
283,25308,2025-01-29 22:00:00,41.97
284,14270,2025-01-23 05:00:00,15.71
285,14270,2025-02-20 03:00:00,31.28
286,14270,2025-02-17 10:00:00,42.86
287,18140,2025-02-10 07:00:00,11.43
288,18140,2025-01-17 14:00:00,41.35
289,14966,2025-02-17 03:00:00,51.77
290,20004,2025-03-01 07:00:00,6.34
291,20004,2025-02-17 19:00:00,4.32
292,25120,2025-01-28 00:00:00,19.19
293,17971,2025-03-02 01:00:00,40.71
294,14651,2025-02-11 09:00:00,28.29
295,14651,2025-01-08 20:00:00,19.88
296,10494,2025-01-19 19:00:00,51.59
297,25190,2025-03-08 05:00:00,56.66
298,25190,2025-02-09 15:00:00,13.27
299,14421,2025-01-17 13:00:00,35.85
300,22545,2025-02-23 16:00:00,98.98
301,22545,2025-01-28 19:00:00,60.99
302,22560,2025-03-04 16:00:00,19.03
303,22560,2025-02-03 13:00:00,13.66
304,10687,2025-02-16 03:00:00,17.16
305,14515,2025-01-09 14:00:00,13.17
306,27212,2025-02-11 00:00:00,42.19
307,14234,2025-01-25 03:00:00,4.86
308,14234,2025-01-19 07:00:00,1.13
309,18482,2025-01-22 12:00:00,31.17
310,18482,2025-03-04 07:00:00,2.76
311,23258,2025-02-16 11:00:00,8.11
312,23237,2025-01-20 23:00:00,28.17
313,10014,2025-01-31 19:00:00,180.36
314,10014,2025-03-07 05:00:00,54.18
315,17660,2025-03-08 02:00:00,4.24
316,19387,2025-01-20 05:00:00,92.61
317,13900,2025-02-03 06:00:00,29.67
318,23174,2025-01-24 09:00:00,24.77
319,14133,2025-01-09 23:00:00,19.46
320,12479,2025-01-28 14:00:00,8.81
321,21293,2025-01-09 19:00:00,27.94
322,28150,2025-02-21 22:00:00,76.65
323,28150,2025-02-14 02:00:00,43.28
324,28148,2025-01-16 11:00:00,149.07
325,12508,2025-03-08 02:00:00,44.21
326,11062,2025-02-11 08:00:00,24.92
327,29660,2025-01-10 23:00:00,87.92
328,16313,2025-01-23 16:00:00,75.17
329,16313,2025-03-01 18:00:00,27.15
330,16313,2025-03-09 01:00:00,8.57
331,17134,2025-02-28 11:00:00,57.45
332,14795,2025-02-02 18:00:00,18.55
333,14795,2025-01-31 14:00:00,59.1
334,15664,2025-03-08 05:00:00,5.78
335,15664,2025-02-16 00:00:00,164.38
336,29026,2025-01-13 20:00:00,11.03
337,13238,2025-02-10 04:00:00,11.51
338,18040,2025-01-11 22:00:00,9.27
339,29557,2025-01-08 09:00:00,67.89
340,11477,2025-02-19 00:00:00,66.58
341,11477,2025-01-18 08:00:00,119.36
342,11477,2025-02-08 07:00:00,27.58
343,10093,2025-01-20 19:00:00,23.24
344,14962,2025-03-09 14:00:00,24.9
345,26298,2025-03-01 07:00:00,114.32
346,26298,2025-02-09 00:00:00,25.23
347,29189,2025-02-18 20:00:00,34.37
348,29189,2025-03-02 23:00:00,30.64
349,29306,2025-01-10 03:00:00,23.39
350,24581,2025-01-24 02:00:00,18.43
351,14384,2025-03-03 16:00:00,3.13
352,10984,2025-02-12 12:00:00,40.59
353,24402,2025-02-21 08:00:00,20.53
354,19571,2025-02-11 23:00:00,15.11
355,29991,2025-01-08 00:00:00,1322.33
356,29991,2025-03-04 01:00:00,134.01
357,10441,2025-02-01 16:00:00,19.41
358,10441,2025-03-05 08:00:00,5.25
359,10804,2025-01-18 02:00:00,120.98
360,26904,2025-02-07 23:00:00,45.46
361,26967,2025-01-22 12:00:00,6.6
362,28637,2025-02-28 09:00:00,15.68
363,19226,2025-02-25 08:00:00,42.74
364,19226,2025-01-10 14:00:00,44.21
365,24872,2025-02-02 06:00:00,3.67
366,22158,2025-03-01 10:00:00,76.72
367,22158,2025-02-05 23:00:00,216.1
368,29825,2025-02-15 07:00:00,6.55
369,27128,2025-01-17 22:00:00,125.01
370,22240,2025-01-26 01:00:00,4.43
371,27213,2025-01-19 04:00:00,12.8
372,21342,2025-02-13 06:00:00,7.38
373,23052,2025-02-27 15:00:00,124.89
374,11108,2025-01-22 20:00:00,15.11
375,23224,2025-02-27 13:00:00,17.86
376,23224,2025-03-04 02:00:00,42.62
377,23224,2025-02-21 16:00:00,16.76
378,15945,2025-03-02 20:00:00,10.04
379,15947,2025-03-04 23:00:00,90.08
380,17526,2025-02-27 02:00:00,68.65
381,24900,2025-02-04 21:00:00,47.03
382,24839,2025-03-07 07:00:00,64.61
383,12539,2025-02-01 17:00:00,104.32
384,24971,2025-02-14 16:00:00,40.09
385,15690,2025-01-17 20:00:00,136.41
386,15690,2025-02-09 19:00:00,12.63
387,15690,2025-01-30 16:00:00,75.9
388,24924,2025-02-06 09:00:00,7.52
389,24924,2025-01-10 14:00:00,7.28
390,24924,2025-02-13 04:00:00,6.81
391,24924,2025-02-10 16:00:00,16.85
392,17387,2025-02-16 00:00:00,120.47
393,10544,2025-02-17 03:00:00,187.79
394,19899,2025-01-24 05:00:00,5.25
395,12337,2025-02-12 12:00:00,109.43
396,26631,2025-01-27 00:00:00,31.89
397,19162,2025-02-10 01:00:00,16.27
398,14687,2025-01-19 23:00:00,76.52
399,14747,2025-02-05 07:00:00,80.32
400,28095,2025-02-03 11:00:00,60.67
401,28095,2025-02-04 23:00:00,35.62
402,27882,2025-02-09 00:00:00,29.12
403,19608,2025-02-14 11:00:00,10.22
404,19555,2025-02-24 12:00:00,15.59
405,28434,2025-01-17 07:00:00,27.61
406,13839,2025-02-19 14:00:00,36.14
407,28546,2025-01-15 08:00:00,11.85
408,22397,2025-03-10 21:00:00,109.99
409,16998,2025-02-05 16:00:00,66.94
410,16998,2025-02-01 21:00:00,37.78
411,14286,2025-02-27 04:00:00,186.07
412,27675,2025-02-13 16:00:00,24.81
413,10431,2025-02-23 06:00:00,65.31
414,26104,2025-01-27 22:00:00,11.32
415,20244,2025-01-25 04:00:00,52.23
416,21991,2025-01-09 03:00:00,17.98
417,25981,2025-03-05 04:00:00,40.15
418,25981,2025-02-08 08:00:00,36.95
419,22773,2025-02-23 20:00:00,8.79
420,17428,2025-01-12 05:00:00,13.22
421,22006,2025-02-25 13:00:00,35.57
422,18941,2025-02-10 15:00:00,7.85
423,18941,2025-01-26 17:00:00,87.0
424,26416,2025-02-17 09:00:00,125.66
425,26416,2025-03-01 09:00:00,19.62
426,18710,2025-03-02 15:00:00,102.31
427,12315,2025-02-18 01:00:00,30.58
428,29705,2025-01-18 05:00:00,77.02
429,17538,2025-02-01 14:00:00,31.5
430,24085,2025-01-30 01:00:00,46.44
431,18892,2025-01-18 15:00:00,31.78
432,18892,2025-02-23 04:00:00,4.67
433,29824,2025-01-16 06:00:00,17.54
434,13427,2025-03-08 02:00:00,74.84
435,21795,2025-02-11 06:00:00,34.8
436,21795,2025-01-23 23:00:00,18.09
437,21795,2025-02-28 12:00:00,22.14
438,13682,2025-01-30 23:00:00,97.26
439,23556,2025-02-13 21:00:00,16.36
440,23672,2025-01-15 13:00:00,77.9
441,23655,2025-03-04 06:00:00,89.73
442,17197,2025-02-14 13:00:00,211.07
443,21986,2025-01-28 20:00:00,78.27
444,12348,2025-01-31 15:00:00,52.02
445,28465,2025-03-11 19:00:00,1.2
446,28501,2025-03-08 17:00:00,35.81
447,28755,2025-02-07 10:00:00,82.55
448,23882,2025-01-20 21:00:00,111.91
449,29435,2025-01-28 12:00:00,64.1
450,16257,2025-01-12 16:00:00,399.74
451,16257,2025-02-08 09:00:00,17.27
452,16257,2025-01-14 00:00:00,13.45
453,20140,2025-02-21 03:00:00,58.65
454,24965,2025-02-21 20:00:00,311.56
455,26293,2025-02-09 20:00:00,97.44
456,26187,2025-02-09 14:00:00,25.44
457,26221,2025-03-11 13:00:00,91.89
458,14723,2025-02-20 12:00:00,34.99
459,18228,2025-02-17 08:00:00,26.4
460,26728,2025-01-18 14:00:00,159.07
461,15703,2025-01-25 07:00:00,2.86
462,15703,2025-02-01 01:00:00,77.96
463,22646,2025-02-02 17:00:00,2.81
464,11733,2025-02-03 18:00:00,5.96
465,15198,2025-01-13 23:00:00,6.9
466,18051,2025-02-24 08:00:00,41.12
467,24408,2025-02-20 12:00:00,5.1
468,19687,2025-01-12 12:00:00,8.77
469,19687,2025-01-16 08:00:00,104.72
470,14361,2025-01-16 00:00:00,146.4
471,22580,2025-02-01 20:00:00,181.08
472,14118,2025-01-11 15:00:00,220.44
473,14118,2025-01-16 10:00:00,4.5
474,21001,2025-03-08 01:00:00,42.26
475,19525,2025-02-11 18:00:00,42.06
476,19525,2025-02-04 18:00:00,135.96
477,22341,2025-02-19 08:00:00,73.61
478,17016,2025-02-27 01:00:00,91.62
479,18405,2025-01-24 19:00:00,16.02
480,27920,2025-01-16 06:00:00,8.42
481,19798,2025-01-29 08:00:00,84.55
482,20828,2025-02-02 15:00:00,20.58
483,11379,2025-01-26 17:00:00,105.63
484,27453,2025-01-24 13:00:00,1152.34
485,27453,2025-02-11 20:00:00,87.91
486,19897,2025-03-04 03:00:00,175.04
487,19897,2025-01-29 04:00:00,62.74
488,22714,2025-02-21 11:00:00,96.19
489,17461,2025-02-27 01:00:00,155.5
490,22925,2025-02-01 10:00:00,28.16
491,17352,2025-02-08 00:00:00,37.14
492,19491,2025-02-22 08:00:00,19.12
493,27965,2025-02-15 00:00:00,79.89
494,27965,2025-01-11 03:00:00,109.69
495,27965,2025-02-26 04:00:00,14.79
496,10353,2025-03-11 07:00:00,564.04
497,10353,2025-03-01 20:00:00,52.32
498,10353,2025-03-09 02:00:00,32.93
499,10353,2025-02-11 00:00:00,14.93
500,14754,2025-03-09 07:00:00,79.33
501,26303,2025-03-12 01:00:00,41.65
502,27133,2025-01-12 09:00:00,6.8
503,18273,2025-03-08 01:00:00,74.33
504,29858,2025-02-06 08:00:00,82.19
505,29858,2025-01-16 09:00:00,8.38
506,10271,2025-03-10 02:00:00,140.15
507,28579,2025-01-28 11:00:00,20.11
508,18604,2025-01-18 11:00:00,88.81
509,13633,2025-02-14 14:00:00,24.31
510,19232,2025-01-12 22:00:00,11.04
511,26806,2025-01-26 03:00:00,46.65
512,25054,2025-01-16 10:00:00,45.47
513,25191,2025-01-12 10:00:00,35.82
514,25191,2025-02-27 09:00:00,26.43
515,16338,2025-02-10 05:00:00,3.68
516,16041,2025-03-09 02:00:00,22.15
517,24634,2025-01-28 21:00:00,53.45
518,24634,2025-01-23 04:00:00,25.56
519,11060,2025-02-18 07:00:00,12.55
520,26017,2025-01-26 02:00:00,11.26
521,15151,2025-02-16 13:00:00,43.66
522,15151,2025-02-25 04:00:00,135.57
523,15151,2025-01-11 00:00:00,35.88
524,25916,2025-02-26 23:00:00,66.3
525,10737,2025-02-17 08:00:00,3.27
526,18820,2025-02-23 17:00:00,74.26
527,21085,2025-02-27 07:00:00,7.72
528,11859,2025-02-22 13:00:00,304.53
529,19743,2025-01-30 19:00:00,51.61
530,20120,2025-01-25 18:00:00,47.64
531,20120,2025-02-15 05:00:00,30.84
532,20331,2025-02-02 09:00:00,7.6
533,12082,2025-01-29 15:00:00,10.35
534,20648,2025-01-14 09:00:00,30.82
535,20648,2025-01-27 19:00:00,18.59
536,19470,2025-01-22 04:00:00,20.24
537,19470,2025-01-17 06:00:00,101.25
538,19470,2025-02-16 23:00:00,159.75
539,19470,2025-01-28 10:00:00,21.67
540,24618,2025-02-11 06:00:00,31.07
541,24579,2025-03-11 15:00:00,94.94
542,13995,2025-02-14 16:00:00,13.36
543,23916,2025-01-28 04:00:00,8.17
544,23916,2025-02-12 13:00:00,26.89
545,14083,2025-03-06 18:00:00,10.42
546,14083,2025-01-16 20:00:00,118.97
547,14941,2025-02-18 17:00:00,104.03
548,14941,2025-02-15 06:00:00,116.57
549,10786,2025-03-06 21:00:00,70.25
550,26082,2025-02-27 04:00:00,19.21
551,12758,2025-01-31 02:00:00,29.34
552,15734,2025-01-19 04:00:00,17.26
553,15780,2025-02-15 13:00:00,67.72
554,26605,2025-02-21 05:00:00,413.55
555,14872,2025-02-19 11:00:00,13.09
556,26863,2025-02-06 04:00:00,12.2
557,14704,2025-02-11 14:00:00,32.29
558,26798,2025-01-18 12:00:00,318.68
559,22504,2025-02-16 04:00:00,52.62
560,16926,2025-01-30 20:00:00,445.08
561,16948,2025-03-06 15:00:00,1.62
562,16798,2025-02-19 05:00:00,13.74
563,11398,2025-01-31 15:00:00,41.85
564,22786,2025-03-08 03:00:00,66.84
565,13009,2025-02-07 09:00:00,111.7
566,22760,2025-02-26 10:00:00,8.23
567,22760,2025-01-18 17:00:00,39.71
568,11394,2025-01-28 01:00:00,74.05
569,11394,2025-01-23 19:00:00,119.89
570,22003,2025-01-12 01:00:00,28.83
571,23310,2025-01-27 06:00:00,82.57
572,16547,2025-03-09 21:00:00,18.41
573,16547,2025-03-01 08:00:00,150.11
574,16547,2025-03-01 04:00:00,6.3
575,16547,2025-03-06 06:00:00,21.69
576,26051,2025-01-14 13:00:00,8.27
577,26051,2025-02-25 21:00:00,7.89
578,10611,2025-03-09 05:00:00,98.21
579,10575,2025-01-14 03:00:00,102.54
580,19994,2025-01-16 18:00:00,99.64
581,19994,2025-01-23 17:00:00,50.17
582,19994,2025-01-16 23:00:00,31.38
583,18758,2025-01-31 01:00:00,42.05
584,10016,2025-03-09 01:00:00,191.64
585,29534,2025-01-24 00:00:00,21.05
586,18954,2025-01-20 18:00:00,4.13
587,12984,2025-03-08 14:00:00,39.17
588,14112,2025-01-24 04:00:00,4.72
589,14250,2025-01-18 10:00:00,26.57
590,13830,2025-01-25 03:00:00,68.78
591,10273,2025-01-27 00:00:00,31.62
592,10273,2025-03-02 04:00:00,234.1
593,10273,2025-01-30 17:00:00,17.62
594,10321,2025-02-11 04:00:00,37.48
595,10321,2025-03-08 08:00:00,10.16
596,10321,2025-02-08 02:00:00,38.09
597,10321,2025-02-18 05:00:00,27.95
598,19142,2025-01-18 14:00:00,26.72
599,28915,2025-01-31 21:00:00,16.64
600,10474,2025-01-13 02:00:00,54.27
601,13557,2025-02-04 00:00:00,154.57
602,13557,2025-01-19 00:00:00,24.01
603,10776,2025-02-11 18:00:00,30.54
604,21541,2025-02-02 07:00:00,4.39
605,21541,2025-03-01 15:00:00,75.82
606,15929,2025-03-09 16:00:00,5.3
607,22867,2025-01-27 19:00:00,112.28
608,16018,2025-03-09 18:00:00,17.43
609,24721,2025-02-17 16:00:00,19.83
610,22653,2025-03-13 20:00:00,12.15
611,21625,2025-01-21 00:00:00,2.27
612,16456,2025-02-23 20:00:00,77.85
613,12530,2025-01-25 20:00:00,6.92
614,12530,2025-01-26 16:00:00,60.88
615,12530,2025-02-26 13:00:00,34.82
616,16532,2025-03-02 12:00:00,24.27
617,16532,2025-02-24 17:00:00,483.17
618,21488,2025-03-12 10:00:00,82.68
619,16621,2025-01-21 03:00:00,97.77
620,25197,2025-03-03 01:00:00,4.3
621,21729,2025-03-04 19:00:00,55.76
622,12360,2025-01-24 18:00:00,9.28
623,17063,2025-02-25 07:00:00,20.82
624,22140,2025-02-03 18:00:00,22.19
625,22140,2025-02-11 08:00:00,19.37
626,17362,2025-02-21 17:00:00,37.76
627,15693,2025-01-17 13:00:00,101.54
628,15693,2025-03-12 08:00:00,52.93
629,10948,2025-02-17 01:00:00,135.71
630,16957,2025-01-22 12:00:00,16.26
631,18808,2025-03-07 07:00:00,8.1
632,22022,2025-02-07 02:00:00,60.0
633,29776,2025-03-15 12:00:00,44.14
634,22546,2025-02-01 04:00:00,25.08
635,22546,2025-03-14 11:00:00,115.77
636,28990,2025-02-09 17:00:00,44.3
637,27131,2025-02-23 11:00:00,4.35
638,11675,2025-02-15 21:00:00,411.26
639,24874,2025-01-20 14:00:00,47.67
640,25910,2025-02-20 05:00:00,85.18
641,25923,2025-02-03 20:00:00,22.71
642,25923,2025-01-31 12:00:00,126.68
643,25923,2025-01-15 11:00:00,73.36
644,25926,2025-01-30 06:00:00,370.29
645,20341,2025-02-08 07:00:00,9.5
646,20598,2025-03-12 14:00:00,22.54
647,26384,2025-01-19 23:00:00,27.72
648,25466,2025-02-09 08:00:00,17.45
649,23845,2025-01-17 12:00:00,8.78
650,19589,2025-01-17 14:00:00,52.53
651,23990,2025-02-25 13:00:00,13.8
652,28355,2025-01-17 03:00:00,11.92
653,28194,2025-01-28 05:00:00,24.9
654,19782,2025-01-27 14:00:00,138.46
655,24057,2025-02-06 04:00:00,9.07
656,24057,2025-03-12 02:00:00,49.79
657,24063,2025-03-10 10:00:00,8.05
658,24086,2025-03-15 22:00:00,44.21
659,24229,2025-02-12 20:00:00,30.02
660,13653,2025-01-24 16:00:00,7.3
661,18113,2025-02-22 20:00:00,52.49
662,18113,2025-01-15 00:00:00,15.77
663,16228,2025-02-07 08:00:00,77.32
664,14469,2025-02-23 08:00:00,94.87
665,17298,2025-02-28 14:00:00,5.85
666,14640,2025-02-16 13:00:00,5.24
667,14499,2025-02-08 21:00:00,4.56
668,14277,2025-02-17 06:00:00,17.75
669,17787,2025-01-14 07:00:00,39.33
670,15980,2025-03-10 12:00:00,84.3
671,13087,2025-01-23 03:00:00,58.51
672,12594,2025-02-22 05:00:00,17.43
673,14057,2025-03-09 03:00:00,15.03
674,14057,2025-02-08 04:00:00,167.24
675,14057,2025-02-06 00:00:00,105.48
676,20727,2025-01-26 04:00:00,270.02
677,22754,2025-02-10 08:00:00,27.21
678,11664,2025-02-03 11:00:00,101.41
679,27821,2025-02-28 00:00:00,16.86
680,27821,2025-02-27 15:00:00,47.0
681,19401,2025-01-16 05:00:00,520.16
682,22458,2025-02-13 17:00:00,27.85
683,22458,2025-02-17 06:00:00,29.48
684,27822,2025-02-05 05:00:00,12.54
685,24371,2025-01-24 15:00:00,17.16
686,10139,2025-01-30 13:00:00,45.59
687,23807,2025-03-06 14:00:00,20.5
688,23807,2025-02-07 22:00:00,69.05
689,25002,2025-02-17 08:00:00,160.44
690,28697,2025-03-14 20:00:00,23.05
691,15301,2025-02-10 15:00:00,229.46
692,12482,2025-02-09 11:00:00,4.35
693,15510,2025-02-16 07:00:00,10.0
694,20577,2025-01-20 20:00:00,10.17
695,18055,2025-02-23 18:00:00,20.35
696,19864,2025-02-22 00:00:00,9.76
697,14426,2025-03-04 17:00:00,15.38
698,27139,2025-03-11 07:00:00,88.75
699,27139,2025-02-25 06:00:00,20.52
700,26647,2025-01-28 12:00:00,21.83
701,26647,2025-02-15 19:00:00,19.07
702,19166,2025-02-26 08:00:00,14.64
703,24099,2025-01-16 10:00:00,47.71
704,24760,2025-01-16 02:00:00,107.84
705,11089,2025-02-19 20:00:00,44.14
706,27234,2025-02-18 18:00:00,20.32
707,27234,2025-03-03 14:00:00,67.05
708,21176,2025-03-10 03:00:00,33.3
709,26485,2025-02-21 02:00:00,121.17
710,12294,2025-02-06 04:00:00,41.32
711,14338,2025-02-21 14:00:00,8.74
712,27233,2025-03-04 18:00:00,10.73
713,23279,2025-01-22 23:00:00,36.36
714,18787,2025-01-21 12:00:00,130.76
715,13795,2025-03-08 08:00:00,19.32
716,17331,2025-02-22 14:00:00,20.61
717,16676,2025-02-10 04:00:00,22.31
718,25619,2025-02-17 17:00:00,7.4
719,21665,2025-01-26 07:00:00,109.97
720,21665,2025-02-26 01:00:00,26.61
721,27533,2025-03-07 07:00:00,73.75
722,14160,2025-02-09 05:00:00,24.82
723,27950,2025-02-18 04:00:00,35.58
724,27950,2025-03-08 00:00:00,37.23
725,26406,2025-02-03 20:00:00,48.19
726,17608,2025-02-14 18:00:00,12.89
727,14316,2025-02-10 04:00:00,48.22
728,14316,2025-01-28 08:00:00,20.83
729,12784,2025-01-28 11:00:00,19.44
730,14294,2025-02-17 11:00:00,10.8
731,21331,2025-03-04 06:00:00,31.28
732,15158,2025-03-08 04:00:00,3.42
733,15158,2025-01-16 07:00:00,20.88
734,28197,2025-01-20 13:00:00,30.93
735,16857,2025-02-12 03:00:00,19.59
736,17490,2025-03-05 20:00:00,33.19
737,24130,2025-01-25 07:00:00,30.83
738,25420,2025-02-28 00:00:00,87.55
739,28954,2025-03-13 06:00:00,26.13
740,19566,2025-03-08 18:00:00,49.0
741,19566,2025-02-22 05:00:00,13.44
742,15758,2025-01-21 16:00:00,23.8
743,15758,2025-01-30 22:00:00,12.42
744,15569,2025-02-22 10:00:00,87.56
745,15878,2025-03-11 11:00:00,152.45
746,24242,2025-02-17 17:00:00,21.57
747,24176,2025-02-07 19:00:00,12.68
748,10409,2025-02-05 07:00:00,19.53
749,18846,2025-02-21 02:00:00,37.74
750,20906,2025-02-03 10:00:00,86.93
751,15021,2025-02-15 21:00:00,7.78
752,15021,2025-02-03 23:00:00,2.96
753,15021,2025-02-15 01:00:00,37.12
754,10708,2025-01-19 19:00:00,96.55
755,14984,2025-02-05 05:00:00,24.28
756,14476,2025-01-22 18:00:00,59.35
757,26766,2025-01-30 12:00:00,85.31
758,14733,2025-02-06 10:00:00,5.47
759,26797,2025-02-21 19:00:00,125.09
760,27360,2025-03-11 08:00:00,50.87
761,27360,2025-03-14 01:00:00,42.32
762,27360,2025-02-08 12:00:00,6.44
763,12331,2025-01-31 03:00:00,33.34
764,12583,2025-02-04 08:00:00,47.78
765,26087,2025-02-01 18:00:00,151.32
766,26087,2025-03-11 19:00:00,71.49
767,16175,2025-03-06 12:00:00,27.85
768,27680,2025-02-17 07:00:00,25.51
769,27680,2025-02-15 20:00:00,16.95
770,29585,2025-02-16 13:00:00,240.06
771,29571,2025-02-04 02:00:00,64.82
772,29587,2025-01-30 09:00:00,28.84
773,15776,2025-03-17 13:00:00,16.4
774,15776,2025-02-04 02:00:00,14.87
775,15776,2025-01-26 03:00:00,18.81
776,17095,2025-03-04 19:00:00,194.52
777,17095,2025-01-21 09:00:00,43.09
778,27458,2025-03-15 19:00:00,267.19
779,23094,2025-01-28 09:00:00,9.47
780,29098,2025-02-24 08:00:00,18.73
781,20578,2025-02-18 04:00:00,51.66
782,25973,2025-02-27 03:00:00,53.06
783,19795,2025-02-01 03:00:00,27.47
784,28598,2025-02-11 09:00:00,12.9
785,14017,2025-03-07 22:00:00,21.15
786,14017,2025-01-26 23:00:00,24.36
787,14017,2025-01-17 18:00:00,16.07
788,25468,2025-01-24 17:00:00,30.25
789,15213,2025-02-01 12:00:00,20.95
790,20495,2025-03-02 15:00:00,14.38
791,25841,2025-01-29 08:00:00,59.72
792,25841,2025-02-14 10:00:00,23.76
793,18050,2025-01-30 08:00:00,19.69
794,20061,2025-02-16 00:00:00,12.83
795,28166,2025-02-17 02:00:00,21.26
796,11837,2025-01-20 20:00:00,48.54
797,15924,2025-02-27 02:00:00,30.99
798,28890,2025-02-28 23:00:00,18.09
799,13857,2025-02-21 06:00:00,12.59
800,13857,2025-02-09 09:00:00,9.19
801,16142,2025-01-27 07:00:00,21.86
802,11587,2025-02-26 15:00:00,53.52
803,21274,2025-03-01 21:00:00,328.98
804,12466,2025-03-10 14:00:00,38.57
805,25374,2025-03-02 22:00:00,181.49
806,11971,2025-02-20 22:00:00,5.43
807,12732,2025-02-19 15:00:00,135.58
808,23093,2025-03-16 03:00:00,5.43
809,27460,2025-02-03 16:00:00,38.32
810,27460,2025-02-28 13:00:00,84.08
811,16153,2025-03-15 14:00:00,65.85
812,16153,2025-01-26 01:00:00,90.07
813,27373,2025-02-20 16:00:00,278.58
814,15920,2025-01-31 08:00:00,67.04
815,21898,2025-01-30 09:00:00,62.45
816,14666,2025-02-27 19:00:00,82.01
817,25595,2025-02-22 01:00:00,14.31
818,13778,2025-01-26 22:00:00,91.27
819,28779,2025-03-02 08:00:00,70.91
820,21656,2025-01-21 12:00:00,20.96
821,10988,2025-02-24 09:00:00,59.63
822,18988,2025-02-27 02:00:00,5.12
823,27115,2025-02-27 20:00:00,15.53
824,25528,2025-02-23 12:00:00,53.96
825,25706,2025-02-07 12:00:00,55.97
826,29623,2025-02-16 00:00:00,77.21
827,25625,2025-03-13 10:00:00,30.65
828,12983,2025-01-30 22:00:00,9.23
829,12983,2025-03-13 15:00:00,23.57
830,20365,2025-02-18 14:00:00,27.56
831,20365,2025-03-19 04:00:00,95.13
832,20365,2025-03-12 00:00:00,17.45
833,16912,2025-01-30 07:00:00,32.91
834,26278,2025-02-15 02:00:00,29.15
835,26278,2025-02-15 18:00:00,83.5
836,26278,2025-03-10 02:00:00,307.06
837,23774,2025-02-16 12:00:00,52.82
838,23774,2025-03-09 10:00:00,21.83
839,23555,2025-01-20 00:00:00,19.3
840,22481,2025-03-13 01:00:00,81.91
841,22481,2025-02-15 01:00:00,49.89
842,26327,2025-02-04 01:00:00,84.86
843,26330,2025-02-27 20:00:00,53.82
844,14146,2025-02-03 14:00:00,60.23
845,22668,2025-02-19 05:00:00,13.66
846,10746,2025-02-18 19:00:00,66.13
847,10746,2025-02-11 11:00:00,19.79
848,10746,2025-02-26 08:00:00,25.7
849,28163,2025-03-01 16:00:00,382.54
850,12387,2025-02-08 18:00:00,24.28
851,27660,2025-02-05 16:00:00,34.76
852,27660,2025-02-11 22:00:00,28.31
853,14884,2025-03-14 05:00:00,35.52
854,14884,2025-03-17 13:00:00,43.0
855,14884,2025-03-18 02:00:00,19.69
856,21116,2025-02-20 23:00:00,73.27
857,23480,2025-01-21 19:00:00,167.18
858,23480,2025-01-30 10:00:00,52.56
859,21906,2025-02-19 17:00:00,20.74
860,10944,2025-03-11 11:00:00,1.6
861,11476,2025-01-28 22:00:00,17.75
862,11476,2025-01-21 10:00:00,23.69
863,11476,2025-02-16 15:00:00,161.56
864,17032,2025-03-08 08:00:00,100.37
865,25790,2025-02-24 11:00:00,132.39
866,25791,2025-03-16 07:00:00,7.19
867,11258,2025-03-03 09:00:00,3.5
868,17165,2025-02-13 13:00:00,106.08
869,12356,2025-01-26 06:00:00,200.43
870,12356,2025-03-10 16:00:00,55.18
871,12519,2025-02-24 16:00:00,15.64
872,12519,2025-03-01 03:00:00,4.99
873,12586,2025-03-10 21:00:00,32.87
874,23346,2025-02-14 22:00:00,28.26
875,21975,2025-02-05 04:00:00,9.45
876,11460,2025-01-23 12:00:00,225.82
877,16156,2025-02-02 12:00:00,160.68
878,16631,2025-01-29 02:00:00,8.87
879,25449,2025-02-09 02:00:00,26.6
880,23362,2025-03-18 15:00:00,5.3
881,19610,2025-01-27 06:00:00,1.7
882,17648,2025-02-09 21:00:00,46.72
883,28254,2025-01-26 03:00:00,3.37
884,17688,2025-02-22 22:00:00,5.09
885,21224,2025-02-24 13:00:00,4.16
886,19745,2025-01-25 21:00:00,17.67
887,19745,2025-03-11 12:00:00,29.36
888,13842,2025-03-14 09:00:00,53.01
889,12235,2025-01-25 02:00:00,39.51
890,12235,2025-02-11 11:00:00,97.31
891,20764,2025-02-10 03:00:00,27.26
892,17748,2025-03-10 07:00:00,50.09
893,18899,2025-03-15 03:00:00,4.95
894,21617,2025-03-20 19:00:00,53.11
895,12934,2025-03-13 20:00:00,190.43
896,27242,2025-03-12 09:00:00,20.29
897,27968,2025-02-03 15:00:00,34.29
898,27968,2025-03-03 12:00:00,8.77
899,22677,2025-03-04 21:00:00,15.14
900,25576,2025-03-11 08:00:00,6.94
901,27935,2025-01-31 08:00:00,96.36
902,13782,2025-03-01 19:00:00,82.55
903,13782,2025-02-24 23:00:00,40.65
904,13782,2025-02-05 21:00:00,26.57
905,28409,2025-01-25 06:00:00,27.53
906,28409,2025-02-06 21:00:00,45.53
907,25833,2025-03-18 06:00:00,63.96
908,17906,2025-02-16 05:00:00,27.96
909,17908,2025-02-04 00:00:00,30.26
910,20639,2025-01-22 16:00:00,8.87
911,20228,2025-02-08 15:00:00,21.94
912,19215,2025-02-15 18:00:00,54.89
913,19237,2025-01-28 07:00:00,24.39
914,19237,2025-01-31 13:00:00,195.6
915,10942,2025-03-10 15:00:00,193.34
916,29870,2025-01-21 11:00:00,129.02
917,29870,2025-01-27 09:00:00,115.44
918,29870,2025-02-11 13:00:00,7.77
919,24670,2025-03-03 03:00:00,9.41
920,24167,2025-02-21 03:00:00,159.32
921,24143,2025-03-08 13:00:00,38.67
922,24715,2025-02-24 00:00:00,5.76
923,13200,2025-02-20 00:00:00,15.64
924,10045,2025-02-23 12:00:00,34.8
925,10045,2025-03-11 11:00:00,30.93
926,10045,2025-03-02 20:00:00,16.42
927,11861,2025-01-31 10:00:00,162.26
928,11861,2025-02-21 02:00:00,22.94
929,19878,2025-02-06 21:00:00,48.31
930,29037,2025-03-06 09:00:00,96.34
931,29021,2025-01-20 19:00:00,96.37
932,23498,2025-03-11 14:00:00,213.91
933,13705,2025-02-14 09:00:00,76.59
934,13705,2025-03-01 15:00:00,29.86
935,11842,2025-01-26 15:00:00,13.81
936,15425,2025-03-21 19:00:00,26.64
937,28832,2025-02-17 18:00:00,37.39
938,13410,2025-02-06 23:00:00,11.45
939,10918,2025-03-09 13:00:00,9.0
940,23572,2025-03-08 10:00:00,1.24
941,15561,2025-03-14 03:00:00,35.15
942,21923,2025-03-09 13:00:00,11.25
943,17616,2025-03-15 13:00:00,61.97
944,12781,2025-02-07 02:00:00,8.1
945,12781,2025-03-16 23:00:00,44.31
946,12781,2025-03-05 13:00:00,26.7
947,16936,2025-03-03 11:00:00,14.12
948,27167,2025-02-14 02:00:00,130.77
949,27263,2025-02-21 18:00:00,189.67
950,21598,2025-02-19 22:00:00,3.67
951,21598,2025-03-21 07:00:00,14.22
952,22021,2025-03-01 07:00:00,16.26
953,27101,2025-02-02 20:00:00,44.73
954,26501,2025-02-12 20:00:00,72.47
955,22463,2025-02-03 16:00:00,19.33
956,22602,2025-03-12 05:00:00,9.06
957,11482,2025-01-30 10:00:00,90.52
958,16983,2025-02-04 21:00:00,3.65
959,26972,2025-02-08 02:00:00,154.31
960,23677,2025-02-18 23:00:00,9.14
961,21455,2025-02-16 21:00:00,6.45
962,23697,2025-02-10 07:00:00,351.52
963,25438,2025-03-17 15:00:00,41.55
964,22272,2025-01-25 23:00:00,22.74
965,26585,2025-02-27 16:00:00,46.71
966,17600,2025-01-30 14:00:00,10.86
967,10225,2025-03-10 05:00:00,24.41
968,15467,2025-03-11 12:00:00,80.33
969,22191,2025-02-27 21:00:00,7.46
970,22191,2025-02-06 19:00:00,11.3
971,28908,2025-02-12 08:00:00,61.45
972,28908,2025-02-27 13:00:00,15.48
973,19863,2025-02-18 09:00:00,10.46
974,17552,2025-03-15 10:00:00,16.61
975,26955,2025-03-18 12:00:00,92.28
976,10592,2025-03-10 12:00:00,117.26
977,18702,2025-02-17 08:00:00,12.27
978,24448,2025-02-13 10:00:00,8.1
979,24448,2025-01-28 00:00:00,13.77
980,24448,2025-02-26 00:00:00,24.2
981,24422,2025-02-28 10:00:00,175.89
982,24422,2025-02-04 08:00:00,274.75
983,10009,2025-02-15 21:00:00,36.3
984,11474,2025-01-31 11:00:00,97.78
985,18956,2025-03-16 07:00:00,175.43
986,18956,2025-01-26 07:00:00,37.78
987,13153,2025-01-24 15:00:00,47.74
988,27121,2025-03-03 11:00:00,14.75
989,17433,2025-02-07 10:00:00,190.37
990,19504,2025-02-22 08:00:00,30.42
991,24018,2025-02-21 04:00:00,24.57
992,17186,2025-03-21 01:00:00,35.35
993,15718,2025-03-02 05:00:00,22.48
994,15718,2025-02-09 12:00:00,57.04
995,15718,2025-02-14 11:00:00,53.55
996,17187,2025-02-25 16:00:00,50.89
997,17188,2025-03-07 16:00:00,33.0
998,20279,2025-03-12 05:00:00,73.12
999,11360,2025-03-17 02:00:00,62.29
1000,28578,2025-03-10 00:00:00,14.3
1001,26057,2025-02-28 20:00:00,57.65
1002,14236,2025-01-21 16:00:00,65.11
1003,14236,2025-03-19 11:00:00,9.51
1004,13873,2025-02-02 19:00:00,59.69
1005,15118,2025-01-26 18:00:00,75.07
1006,18060,2025-03-17 21:00:00,9.02
1007,18060,2025-03-20 13:00:00,15.12
1008,20898,2025-02-22 19:00:00,27.84
1009,17744,2025-01-27 21:00:00,13.39
1010,12010,2025-03-12 21:00:00,12.75
1011,11320,2025-03-12 20:00:00,22.9
1012,17175,2025-02-04 06:00:00,234.93
1013,17175,2025-02-23 21:00:00,14.52
1014,28037,2025-02-24 05:00:00,5.25
1015,13406,2025-02-06 10:00:00,8.22
1016,13406,2025-03-05 07:00:00,76.76
1017,22966,2025-03-03 22:00:00,10.17
1018,18634,2025-03-21 16:00:00,449.94
1019,13944,2025-03-12 20:00:00,25.6
1020,15835,2025-03-14 23:00:00,68.5
1021,22459,2025-03-05 22:00:00,124.32
1022,24992,2025-03-23 08:00:00,77.06
1023,15145,2025-02-03 03:00:00,4.46
1024,15145,2025-03-11 00:00:00,31.6
1025,15145,2025-02-25 18:00:00,67.47
1026,24083,2025-01-24 00:00:00,3.95
1027,27795,2025-03-10 01:00:00,15.69
1028,26937,2025-02-20 23:00:00,59.75
1029,22825,2025-03-14 15:00:00,19.22
1030,10091,2025-01-29 00:00:00,6.21
1031,16137,2025-02-07 05:00:00,29.84
1032,17898,2025-01-28 12:00:00,247.53
1033,24104,2025-02-18 02:00:00,47.55
1034,28249,2025-02-19 19:00:00,1.72
1035,26795,2025-03-20 06:00:00,749.61
1036,14246,2025-03-09 20:00:00,3.88
1037,14246,2025-03-16 22:00:00,12.92
1038,29445,2025-03-05 20:00:00,8.42
1039,17422,2025-03-23 10:00:00,28.29
1040,20581,2025-02-20 06:00:00,105.57
1041,20581,2025-01-25 19:00:00,44.86
1042,28560,2025-03-04 13:00:00,7.64
1043,28560,2025-03-05 00:00:00,32.62
1044,28560,2025-03-07 19:00:00,5.65
1045,21178,2025-03-17 12:00:00,71.2
1046,18243,2025-03-18 16:00:00,78.75
1047,17628,2025-01-29 20:00:00,41.71
1048,14170,2025-02-24 02:00:00,172.48
1049,21233,2025-02-11 18:00:00,353.9
1050,20041,2025-03-16 13:00:00,43.66
1051,23366,2025-03-13 03:00:00,119.08
1052,14831,2025-03-15 14:00:00,41.41
1053,10303,2025-03-07 17:00:00,26.84
1054,22423,2025-01-31 18:00:00,173.79
1055,19587,2025-03-08 01:00:00,40.64
1056,12186,2025-03-01 06:00:00,135.23
1057,16880,2025-02-15 07:00:00,16.07
1058,16880,2025-02-21 06:00:00,42.2
1059,16880,2025-02-23 04:00:00,11.09
1060,16416,2025-03-19 23:00:00,18.69
1061,13595,2025-01-30 17:00:00,231.43
1062,23090,2025-01-26 17:00:00,147.5
1063,23090,2025-02-02 17:00:00,24.41
1064,14576,2025-02-12 01:00:00,18.28
1065,27007,2025-01-31 11:00:00,120.72
1066,14194,2025-03-22 07:00:00,15.11
1067,10362,2025-03-17 01:00:00,62.22
1068,10362,2025-02-27 17:00:00,14.88
1069,29970,2025-02-27 19:00:00,11.25
1070,26123,2025-01-29 12:00:00,4.27
1071,27051,2025-03-03 08:00:00,45.52
1072,27051,2025-02-16 06:00:00,44.19
1073,27051,2025-02-10 06:00:00,3.97
1074,15267,2025-03-10 09:00:00,33.91
1075,14781,2025-02-21 05:00:00,65.49
1076,13590,2025-03-18 01:00:00,62.43
1077,15385,2025-03-05 10:00:00,16.77
1078,25367,2025-01-31 02:00:00,90.28
1079,10952,2025-02-03 21:00:00,18.77
1080,10100,2025-03-04 11:00:00,419.89
1081,27794,2025-03-16 03:00:00,378.48
1082,29670,2025-01-30 18:00:00,8.73
1083,29668,2025-02-17 18:00:00,53.47
1084,25863,2025-03-23 13:00:00,54.48
1085,24986,2025-02-17 02:00:00,26.79
1086,24986,2025-02-25 14:00:00,71.78
1087,21130,2025-03-19 17:00:00,28.6
1088,18606,2025-02-03 07:00:00,79.98
1089,18606,2025-01-27 01:00:00,60.92
1090,18606,2025-02-28 13:00:00,2.39
1091,17757,2025-03-02 16:00:00,1.98
1092,21231,2025-02-05 06:00:00,15.45
1093,17612,2025-02-11 00:00:00,88.9
1094,12428,2025-02-26 20:00:00,11.53
1095,23133,2025-02-21 03:00:00,36.52
1096,20664,2025-02-21 00:00:00,83.38
1097,18493,2025-03-17 12:00:00,5.06
1098,23438,2025-02-15 11:00:00,11.63
1099,23438,2025-02-15 05:00:00,43.91
1100,23438,2025-03-19 01:00:00,93.43
1101,19063,2025-02-14 01:00:00,7.52
1102,22202,2025-03-10 16:00:00,8.83
1103,22202,2025-02-10 01:00:00,19.94
1104,17379,2025-02-17 10:00:00,22.77
1105,17379,2025-02-19 10:00:00,26.64
1106,23635,2025-02-01 17:00:00,25.97
1107,17247,2025-03-01 14:00:00,9.81
1108,23567,2025-03-22 10:00:00,25.97
1109,17286,2025-03-05 10:00:00,12.34
1110,23628,2025-01-28 06:00:00,96.5
1111,18042,2025-03-15 10:00:00,13.69
1112,18042,2025-03-17 16:00:00,57.17
1113,18183,2025-03-23 17:00:00,99.11
1114,11838,2025-03-15 08:00:00,30.03
1115,18867,2025-02-27 06:00:00,28.65
1116,20440,2025-02-05 22:00:00,30.02
1117,22936,2025-02-10 00:00:00,7.47
1118,18158,2025-02-14 09:00:00,2.77
1119,18180,2025-02-11 14:00:00,84.61
1120,18211,2025-01-28 23:00:00,20.02
1121,25636,2025-03-10 03:00:00,187.8
1122,24317,2025-03-15 03:00:00,165.03
1123,15329,2025-03-04 14:00:00,136.42
1124,27052,2025-03-14 20:00:00,55.44
1125,27052,2025-03-25 11:00:00,93.15
1126,26994,2025-03-01 21:00:00,18.61
1127,27016,2025-02-16 22:00:00,4.34
1128,25237,2025-02-22 19:00:00,42.78
1129,19544,2025-01-31 06:00:00,28.24
1130,29677,2025-01-25 03:00:00,13.66
1131,24332,2025-03-04 17:00:00,130.15
1132,14494,2025-03-01 12:00:00,38.53
1133,10512,2025-02-13 07:00:00,2.79
1134,28904,2025-03-25 23:00:00,76.17
1135,28904,2025-02-06 04:00:00,27.98
1136,28904,2025-03-15 21:00:00,43.1
1137,12007,2025-02-03 06:00:00,201.95
1138,25441,2025-03-22 21:00:00,47.16
1139,23282,2025-03-24 07:00:00,41.15
1140,26450,2025-03-24 00:00:00,83.62
1141,11931,2025-03-19 05:00:00,110.61
1142,12463,2025-03-25 09:00:00,41.1
1143,19740,2025-02-16 10:00:00,26.75
1144,28026,2025-02-19 17:00:00,36.94
1145,18936,2025-03-10 21:00:00,57.29
1146,23968,2025-02-17 15:00:00,38.16
1147,27892,2025-01-24 09:00:00,13.66
1148,14190,2025-03-03 04:00:00,14.36
1149,14008,2025-01-29 14:00:00,20.67
1150,20501,2025-02-02 08:00:00,250.4
1151,24171,2025-02-09 18:00:00,22.84
1152,24171,2025-03-17 17:00:00,56.59
1153,18885,2025-03-11 16:00:00,202.47
1154,19238,2025-02-09 23:00:00,58.18
1155,21289,2025-03-14 04:00:00,277.04
1156,12961,2025-01-30 23:00:00,549.33
1157,27437,2025-02-17 00:00:00,18.15
1158,19862,2025-03-22 01:00:00,44.98
1159,13550,2025-02-06 16:00:00,45.37
1160,19294,2025-02-02 17:00:00,8.93
1161,11351,2025-01-29 07:00:00,27.45
1162,13327,2025-03-14 14:00:00,98.18
1163,22571,2025-03-21 01:00:00,245.89
1164,22819,2025-02-17 16:00:00,281.0
1165,22353,2025-03-06 21:00:00,33.77
1166,17893,2025-02-13 08:00:00,102.81
1167,17893,2025-03-05 12:00:00,42.49
1168,20716,2025-03-03 04:00:00,54.82
1169,11698,2025-03-18 07:00:00,260.07
1170,28183,2025-03-08 07:00:00,9.11
1171,29118,2025-03-25 12:00:00,34.13
1172,13005,2025-02-14 01:00:00,53.96
1173,17678,2025-02-28 06:00:00,22.53
1174,17674,2025-03-09 14:00:00,296.08
1175,10424,2025-02-09 03:00:00,9.1
1176,20083,2025-03-19 09:00:00,52.16
1177,20512,2025-03-14 06:00:00,25.83
1178,10585,2025-03-23 23:00:00,19.98
1179,10556,2025-01-26 23:00:00,15.59
1180,10556,2025-02-07 22:00:00,18.51
1181,10556,2025-03-25 00:00:00,36.09
1182,10556,2025-02-06 07:00:00,88.61
1183,18452,2025-03-22 16:00:00,13.61
1184,22275,2025-02-05 03:00:00,20.85
1185,22337,2025-02-09 19:00:00,124.36
1186,26511,2025-03-02 00:00:00,28.19
1187,21356,2025-03-03 15:00:00,5.47
1188,14425,2025-03-16 11:00:00,26.08
1189,14352,2025-03-21 14:00:00,13.99
1190,14352,2025-02-17 03:00:00,102.55
1191,14352,2025-02-14 16:00:00,20.46
1192,27607,2025-03-24 03:00:00,53.47
1193,27607,2025-03-07 17:00:00,117.64
1194,11594,2025-03-02 21:00:00,5.59
1195,21247,2025-02-13 09:00:00,49.72
1196,21247,2025-01-31 13:00:00,34.53
1197,21280,2025-02-01 20:00:00,13.52
1198,29224,2025-02-16 21:00:00,103.27
1199,21792,2025-02-16 03:00:00,179.96
1200,14486,2025-03-24 10:00:00,14.72
1201,24310,2025-03-21 04:00:00,67.35
1202,24310,2025-02-21 06:00:00,46.38
1203,15616,2025-03-19 22:00:00,7.35
1204,29644,2025-02-23 04:00:00,23.41
1205,25589,2025-03-25 13:00:00,25.88
1206,12560,2025-02-11 04:00:00,8.46
1207,12679,2025-02-05 08:00:00,149.37
1208,11129,2025-02-03 17:00:00,70.14
1209,18945,2025-03-16 00:00:00,100.29
1210,18945,2025-01-25 20:00:00,33.61
1211,11124,2025-02-10 08:00:00,193.05
1212,13247,2025-02-23 03:00:00,37.8
1213,23199,2025-01-31 17:00:00,44.06
1214,29833,2025-02-07 16:00:00,43.8
1215,29062,2025-03-27 06:00:00,258.87
1216,26480,2025-01-28 21:00:00,17.25
1217,11467,2025-03-15 01:00:00,97.3
1218,11467,2025-02-05 07:00:00,7.84
1219,13334,2025-02-20 10:00:00,31.27
1220,16410,2025-03-24 17:00:00,75.55
1221,14673,2025-03-23 14:00:00,53.37
1222,29051,2025-02-08 05:00:00,280.82
1223,19328,2025-02-07 18:00:00,17.73
1224,19683,2025-03-24 07:00:00,79.28
1225,19654,2025-02-21 18:00:00,716.49
1226,19654,2025-02-18 15:00:00,38.47
1227,19592,2025-02-22 17:00:00,101.53
1228,19592,2025-01-28 10:00:00,26.49
1229,22223,2025-02-18 21:00:00,2.09
1230,29201,2025-01-27 22:00:00,3.94
1231,27355,2025-02-27 22:00:00,45.83
1232,26895,2025-01-30 01:00:00,38.9
1233,16311,2025-02-15 20:00:00,42.77
1234,19378,2025-03-22 02:00:00,147.1
1235,23513,2025-03-11 18:00:00,58.58
1236,26542,2025-01-29 17:00:00,62.94
1237,24870,2025-03-27 01:00:00,161.49
1238,17467,2025-03-14 07:00:00,105.86
1239,18261,2025-03-05 15:00:00,25.65
1240,25762,2025-02-24 22:00:00,37.65
1241,27156,2025-02-15 09:00:00,17.95
1242,20125,2025-03-07 03:00:00,415.83
1243,15512,2025-03-14 23:00:00,75.62
1244,18559,2025-03-27 09:00:00,117.45
1245,18559,2025-03-18 08:00:00,43.45
1246,17335,2025-03-26 16:00:00,15.31
1247,17335,2025-02-22 16:00:00,67.51
1248,19221,2025-03-04 13:00:00,84.36
1249,15224,2025-03-15 06:00:00,148.69
1250,22941,2025-03-06 14:00:00,9.98
1251,29984,2025-02-05 19:00:00,40.13
1252,29651,2025-02-11 05:00:00,23.26
1253,29651,2025-02-20 05:00:00,25.06
1254,20485,2025-02-07 10:00:00,20.81
1255,20485,2025-02-19 09:00:00,34.46
1256,14961,2025-02-25 15:00:00,22.3
1257,16407,2025-03-02 04:00:00,93.54
1258,13321,2025-03-25 02:00:00,246.98
1259,19787,2025-03-16 06:00:00,15.58
1260,14475,2025-03-25 23:00:00,34.08
1261,14475,2025-02-11 15:00:00,96.29
1262,14475,2025-01-27 00:00:00,5.0
1263,28169,2025-03-25 03:00:00,24.63
1264,28169,2025-02-28 16:00:00,22.87
1265,28154,2025-01-30 17:00:00,10.91
1266,14946,2025-03-15 06:00:00,7.21
1267,14946,2025-01-31 15:00:00,67.52
1268,16087,2025-02-27 02:00:00,217.2
1269,16087,2025-02-04 00:00:00,42.8
1270,16087,2025-01-30 04:00:00,8.82
1271,16087,2025-03-07 04:00:00,36.94
1272,29270,2025-03-01 22:00:00,95.1
1273,29270,2025-03-14 14:00:00,14.52
1274,25696,2025-02-22 10:00:00,28.16
1275,26160,2025-03-02 06:00:00,27.33
1276,19838,2025-02-24 03:00:00,105.89
1277,24623,2025-02-14 13:00:00,87.94
1278,15858,2025-03-10 11:00:00,10.75
1279,23643,2025-03-07 04:00:00,6.45
1280,14550,2025-03-18 07:00:00,9.66
1281,14550,2025-03-10 12:00:00,157.66
1282,13448,2025-03-04 15:00:00,33.25
1283,10506,2025-03-02 09:00:00,7.38
1284,25110,2025-02-10 08:00:00,4.42
1285,25110,2025-02-23 09:00:00,112.47
1286,21616,2025-03-02 03:00:00,2.89
1287,15567,2025-03-20 06:00:00,33.48
1288,13889,2025-03-02 00:00:00,113.83
1289,13889,2025-03-15 22:00:00,66.23
1290,19835,2025-02-21 15:00:00,85.67
1291,20209,2025-01-31 11:00:00,11.49
1292,18150,2025-03-21 16:00:00,576.51
1293,18167,2025-03-24 20:00:00,53.45
1294,19910,2025-02-15 19:00:00,17.78
1295,13159,2025-03-21 20:00:00,2.86
1296,13159,2025-02-24 12:00:00,5.12
1297,24904,2025-03-04 02:00:00,14.34
1298,20999,2025-02-17 07:00:00,161.92
1299,13552,2025-01-27 20:00:00,20.49
1300,12929,2025-02-01 23:00:00,34.15
1301,16171,2025-03-06 19:00:00,8.44
1302,18927,2025-03-09 10:00:00,18.53
1303,12559,2025-02-06 02:00:00,6.68
1304,18731,2025-02-25 09:00:00,176.39
1305,18731,2025-03-11 01:00:00,74.69
1306,13209,2025-03-01 17:00:00,18.68
1307,26853,2025-02-09 10:00:00,33.4
1308,12485,2025-03-11 09:00:00,11.36
1309,11354,2025-02-04 03:00:00,17.29
1310,23546,2025-02-28 07:00:00,672.29
1311,23543,2025-03-13 19:00:00,19.07
1312,23543,2025-03-07 16:00:00,12.08
1313,26175,2025-02-22 17:00:00,87.57
1314,26175,2025-03-11 21:00:00,63.74
1315,26175,2025-03-03 12:00:00,71.28
1316,12435,2025-02-10 15:00:00,6.24
1317,25602,2025-03-22 12:00:00,10.73
1318,14855,2025-03-24 07:00:00,47.4
1319,14855,2025-02-03 05:00:00,381.26
1320,23295,2025-02-28 03:00:00,201.69
1321,22288,2025-02-04 04:00:00,16.54
1322,22288,2025-02-26 13:00:00,54.86
1323,22224,2025-02-11 10:00:00,8.96
1324,19121,2025-02-17 12:00:00,9.06
1325,22869,2025-02-16 04:00:00,13.07
1326,22794,2025-01-31 18:00:00,31.32
1327,22804,2025-02-19 09:00:00,68.31
1328,18239,2025-02-27 05:00:00,4.13
1329,22946,2025-03-05 19:00:00,62.33
1330,19339,2025-03-06 01:00:00,71.55
1331,20904,2025-03-27 11:00:00,60.56
1332,23958,2025-03-09 11:00:00,9.5
1333,23958,2025-03-14 14:00:00,12.31
1334,11250,2025-03-27 06:00:00,51.16
1335,26478,2025-02-06 15:00:00,23.18
1336,29097,2025-03-15 03:00:00,32.39
1337,25687,2025-02-17 05:00:00,20.3
1338,28428,2025-02-03 09:00:00,141.39
1339,22667,2025-02-28 10:00:00,7.14
1340,11037,2025-02-27 06:00:00,8.39
1341,11037,2025-03-19 01:00:00,80.81
1342,28554,2025-03-26 21:00:00,3.53
1343,20218,2025-02-17 10:00:00,3.6
1344,13941,2025-03-04 21:00:00,16.42
1345,23231,2025-02-09 00:00:00,1003.5
1346,14073,2025-03-22 00:00:00,8.82
1347,17991,2025-02-17 03:00:00,64.6
1348,17991,2025-03-21 20:00:00,21.7
1349,17991,2025-02-15 03:00:00,67.93
1350,28329,2025-03-12 19:00:00,21.94
1351,14949,2025-03-11 04:00:00,160.23
1352,16922,2025-03-17 16:00:00,22.74
1353,16922,2025-03-06 04:00:00,91.85
1354,10153,2025-03-28 16:00:00,9.89
1355,18999,2025-02-24 12:00:00,9.82
1356,17539,2025-02-21 16:00:00,131.31
1357,25165,2025-03-09 11:00:00,45.88
1358,17263,2025-03-18 16:00:00,72.84
1359,17263,2025-02-15 01:00:00,134.35
1360,12680,2025-02-19 12:00:00,12.51
1361,27521,2025-02-24 22:00:00,62.44
1362,14353,2025-03-10 20:00:00,7.58
1363,14353,2025-02-21 13:00:00,30.68
1364,14323,2025-01-31 16:00:00,91.63
1365,23442,2025-02-21 10:00:00,4.24
1366,27512,2025-02-25 15:00:00,49.06
1367,27512,2025-03-20 11:00:00,39.51
1368,17675,2025-02-04 05:00:00,72.85
1369,15532,2025-02-03 08:00:00,59.11
1370,15532,2025-02-27 00:00:00,38.84
1371,21779,2025-03-10 05:00:00,54.81
1372,25244,2025-02-13 05:00:00,116.89
1373,26862,2025-03-17 16:00:00,70.06
1374,10559,2025-02-06 03:00:00,186.14
1375,10559,2025-03-15 03:00:00,22.16
1376,26600,2025-03-10 12:00:00,21.71
1377,22257,2025-03-20 14:00:00,115.54
1378,12013,2025-02-17 21:00:00,166.22
1379,16328,2025-02-10 18:00:00,41.12
1380,15897,2025-02-03 21:00:00,46.21
1381,12951,2025-02-17 19:00:00,18.38
1382,28370,2025-02-23 10:00:00,19.99
1383,28370,2025-03-21 15:00:00,39.99
1384,28458,2025-03-16 13:00:00,36.2
1385,16845,2025-02-11 17:00:00,90.63
1386,10222,2025-02-13 18:00:00,40.17
1387,28736,2025-03-17 19:00:00,65.85
1388,24482,2025-03-03 18:00:00,104.08
1389,21676,2025-03-13 19:00:00,56.72
1390,16747,2025-02-02 13:00:00,86.03
1391,14585,2025-02-09 21:00:00,106.11
1392,18272,2025-03-08 20:00:00,16.49
1393,27199,2025-02-03 10:00:00,86.57
1394,28659,2025-02-08 19:00:00,27.57
1395,28659,2025-01-31 00:00:00,19.03
1396,12469,2025-02-18 02:00:00,282.68
1397,29358,2025-02-11 20:00:00,65.57
1398,29358,2025-03-14 17:00:00,37.07
1399,13160,2025-02-07 11:00:00,28.67
1400,13160,2025-02-16 03:00:00,120.74
1401,16160,2025-03-04 17:00:00,26.6
1402,17120,2025-03-07 05:00:00,8.7
1403,22092,2025-03-15 02:00:00,7.12
1404,16972,2025-03-14 12:00:00,147.94
1405,14317,2025-02-24 09:00:00,9.24
1406,14317,2025-03-12 16:00:00,276.94
1407,26422,2025-03-25 14:00:00,34.28
1408,26422,2025-02-18 01:00:00,461.08
1409,27591,2025-02-23 16:00:00,183.01
1410,27591,2025-03-21 02:00:00,120.61
1411,28068,2025-02-07 09:00:00,7.51
1412,28068,2025-02-07 10:00:00,61.66
1413,10937,2025-03-27 00:00:00,24.73
1414,22273,2025-03-05 22:00:00,6.19
1415,12252,2025-02-02 23:00:00,47.17
1416,12252,2025-03-11 08:00:00,34.79
1417,26547,2025-03-29 16:00:00,10.01
1418,26528,2025-03-22 07:00:00,92.06
1419,16286,2025-02-26 00:00:00,16.73
1420,16917,2025-02-01 12:00:00,84.06
1421,28997,2025-03-12 20:00:00,33.59
1422,19046,2025-03-14 08:00:00,88.39
1423,29753,2025-02-28 01:00:00,58.78
1424,29716,2025-02-12 03:00:00,200.43
1425,19781,2025-03-02 21:00:00,8.49
1426,19781,2025-03-03 05:00:00,264.78
1427,10062,2025-03-21 11:00:00,65.42
1428,13330,2025-03-24 03:00:00,9.39
1429,19493,2025-03-18 08:00:00,211.09
1430,29284,2025-02-02 10:00:00,18.21
1431,29538,2025-03-26 16:00:00,165.91
1432,27113,2025-03-14 01:00:00,30.61
1433,12853,2025-03-29 10:00:00,78.21
1434,10503,2025-02-13 12:00:00,137.91
1435,15404,2025-02-25 22:00:00,36.02
1436,23392,2025-03-26 21:00:00,4.46
1437,11614,2025-03-06 01:00:00,12.13
1438,23609,2025-03-28 12:00:00,10.89
1439,23012,2025-03-02 02:00:00,9.96
1440,25869,2025-02-15 13:00:00,32.76
1441,26407,2025-03-17 08:00:00,10.73
1442,16975,2025-03-29 09:00:00,9.29
1443,22611,2025-03-07 18:00:00,13.58
1444,16757,2025-03-22 04:00:00,112.06
1445,16804,2025-02-06 16:00:00,13.76
1446,16804,2025-03-03 02:00:00,311.57
1447,23256,2025-03-13 20:00:00,20.45
1448,23256,2025-02-07 11:00:00,34.51
1449,10822,2025-02-06 18:00:00,22.78
1450,14803,2025-02-07 16:00:00,62.79
1451,14851,2025-02-24 16:00:00,10.89
1452,23095,2025-02-10 17:00:00,9.81
1453,11400,2025-02-16 04:00:00,78.07
1454,17075,2025-03-14 02:00:00,20.11
1455,22259,2025-02-08 16:00:00,45.06
1456,23146,2025-02-08 07:00:00,7.92
1457,13948,2025-02-17 03:00:00,15.04
1458,24663,2025-03-21 00:00:00,6.67
1459,28473,2025-02-05 20:00:00,7.32
1460,23979,2025-03-28 11:00:00,130.61
1461,28149,2025-02-07 09:00:00,60.55
1462,28149,2025-03-30 13:00:00,25.62
1463,20182,2025-02-26 18:00:00,16.34
1464,20164,2025-02-15 22:00:00,8.13
1465,12921,2025-02-21 14:00:00,12.89
1466,23049,2025-02-16 00:00:00,35.97
1467,25200,2025-03-26 18:00:00,23.18
1468,25789,2025-02-26 23:00:00,55.46
1469,15904,2025-03-17 11:00:00,92.47
1470,29629,2025-02-17 13:00:00,111.03
1471,29629,2025-03-05 02:00:00,14.5
1472,23646,2025-03-31 21:00:00,73.81
1473,23719,2025-03-03 06:00:00,16.22
1474,15146,2025-04-01 03:00:00,37.49
1475,15146,2025-03-23 14:00:00,17.5
1476,15146,2025-03-15 12:00:00,69.75
1477,11319,2025-02-06 10:00:00,17.85
1478,16697,2025-02-16 08:00:00,62.58
1479,23021,2025-03-12 19:00:00,9.52
1480,23021,2025-03-30 03:00:00,22.24
1481,25703,2025-03-23 10:00:00,21.2
1482,23923,2025-03-31 23:00:00,1.77
1483,23923,2025-03-30 00:00:00,14.32
1484,23923,2025-02-14 12:00:00,11.74
1485,23923,2025-02-15 06:00:00,30.63
1486,15424,2025-02-08 10:00:00,69.06
1487,25412,2025-03-09 02:00:00,8.21
1488,25412,2025-02-09 14:00:00,40.79
1489,16617,2025-04-01 22:00:00,27.34
1490,11195,2025-02-19 09:00:00,26.74
1491,24136,2025-03-24 14:00:00,76.37
1492,23561,2025-03-24 01:00:00,9.19
1493,15332,2025-03-07 23:00:00,129.46
1494,18328,2025-03-21 11:00:00,47.77
1495,18328,2025-03-23 11:00:00,66.76
1496,11668,2025-03-13 10:00:00,128.37
1497,11668,2025-02-27 00:00:00,48.01
1498,13583,2025-03-29 20:00:00,56.93
1499,27766,2025-01-31 20:00:00,23.52
1500,28216,2025-03-26 22:00:00,48.68
1501,28710,2025-02-16 11:00:00,124.46
1502,28740,2025-02-08 09:00:00,17.92
1503,28786,2025-03-06 20:00:00,44.58
1504,28548,2025-03-31 22:00:00,91.11
1505,28548,2025-03-17 10:00:00,13.03
1506,20552,2025-02-11 18:00:00,36.58
1507,18092,2025-02-11 13:00:00,149.36
1508,28949,2025-03-31 07:00:00,13.98
1509,28949,2025-03-27 12:00:00,127.35
1510,28394,2025-02-20 08:00:00,10.58
1511,26512,2025-03-31 23:00:00,33.86
1512,26489,2025-03-27 08:00:00,56.94
1513,26555,2025-03-13 07:00:00,29.41
1514,22384,2025-03-30 14:00:00,13.51
1515,12392,2025-02-24 02:00:00,22.46
1516,17109,2025-01-31 17:00:00,12.76
1517,22184,2025-01-31 06:00:00,66.88
1518,22184,2025-02-21 00:00:00,3.34
1519,22184,2025-02-09 05:00:00,152.93
1520,19406,2025-03-02 20:00:00,114.7
1521,19406,2025-03-21 16:00:00,7.55
1522,17080,2025-02-28 05:00:00,54.97
1523,22829,2025-02-05 19:00:00,27.16
1524,22629,2025-02-23 00:00:00,166.47
1525,16945,2025-03-22 20:00:00,30.45
1526,22540,2025-02-12 12:00:00,30.27
1527,19311,2025-01-31 19:00:00,15.46
1528,17394,2025-03-24 14:00:00,20.98
1529,27401,2025-03-11 05:00:00,13.39
1530,27401,2025-03-04 19:00:00,22.83
1531,21988,2025-02-22 17:00:00,25.34
1532,21988,2025-04-01 06:00:00,48.72
1533,14714,2025-03-01 09:00:00,2.34
1534,22045,2025-03-23 08:00:00,58.91
1535,14625,2025-02-22 10:00:00,23.93
1536,21847,2025-04-01 17:00:00,15.58
1537,26968,2025-03-24 20:00:00,9.96
